timestamp,views,likes,comments,title
2026-10-01T17:35:18+01:00,2570,96,30,MAMM0N POUCZA SZELIGE JAK GRAĆ W CS'A...
2026-10-01T17:36:17+01:00,2581,96,30,MAMM0N POUCZA SZELIGE JAK GRAĆ W CS'A...
2026-10-01T17:37:17+01:00,2659,96,30,MAMM0N POUCZA SZELIGE JAK GRAĆ W CS'A...
2026-10-01T17:38:18+01:00,2670,96,30,MAMM0N POUCZA SZELIGE JAK GRAĆ W CS'A...
2026-10-01T17:39:18+01:00,2673,96,30,MAMM0N POUCZA SZELIGE JAK GRAĆ W CS'A...
2026-10-01T17:40:18+01:00,2685,97,31,MAMM0N POUCZA SZELIGE JAK GRAĆ W CS'A...
2026-10-01T17:41:18+01:00,2734,97,31,MAMM0N POUCZA SZELIGE JAK GRAĆ W CS'A...
2026-10-01T17:42:18+01:00,2739,97,31,MAMM0N POUCZA SZELIGE JAK GRAĆ W CS'A...
2026-10-01T17:43:17+01:00,2749,98,31,MAMM0N POUCZA SZELIGE JAK GRAĆ W CS'A...
2026-10-01T17:44:17+01:00,2758,98,31,MAMM0N POUCZA SZELIGE JAK GRAĆ W CS'A...
2026-10-01T17:45:18+01:00,2761,98,31,MAMM0N POUCZA SZELIGE JAK GRAĆ W CS'A...
2026-10-01T17:46:18+01:00,2771,98,31,MAMM0N POUCZA SZELIGE JAK GRAĆ W CS'A...
2026-10-01T17:47:17+01:00,2832,98,31,MAMM0N POUCZA SZELIGE JAK GRAĆ W CS'A...
2026-10-01T17:48:17+01:00,2837,101,31,MAMM0N POUCZA SZELIGE JAK GRAĆ W CS'A...
2026-10-01T17:49:18+01:00,2844,101,31,MAMM0N POUCZA SZELIGE JAK GRAĆ W CS'A...
2026-10-01T17:50:18+01:00,2851,101,31,MAMM0N POUCZA SZELIGE JAK GRAĆ W CS'A...
2026-10-01T17:51:19+01:00,2858,101,31,MAMM0N POUCZA SZELIGE JAK GRAĆ W CS'A...
2026-10-01T17:52:17+01:00,2935,102,31,MAMM0N POUCZA SZELIGE JAK GRAĆ W CS'A...
2026-10-01T17:53:17+01:00,2942,104,31,MAMM0N POUCZA SZELIGE JAK GRAĆ W CS'A...
2026-10-01T17:54:18+01:00,2956,105,31,MAMM0N POUCZA SZELIGE JAK GRAĆ W CS'A...
2026-10-01T17:55:20+01:00,2961,105,31,MAMM0N POUCZA SZELIGE JAK GRAĆ W CS'A...
2026-10-01T17:56:18+01:00,2967,106,31,MAMM0N POUCZA SZELIGE JAK GRAĆ W CS'A...
2026-10-01T17:57:18+01:00,3072,106,31,MAMM0N POUCZA SZELIGE JAK GRAĆ W CS'A...
2026-10-01T17:58:18+01:00,3081,107,31,MAMM0N POUCZA SZELIGE JAK GRAĆ W CS'A...
2026-10-01T17:59:18+01:00,3089,107,31,MAMM0N POUCZA SZELIGE JAK GRAĆ W CS'A...
2026-10-01T18:00:18+01:00,3094,107,31,MAMM0N POUCZA SZELIGE JAK GRAĆ W CS'A...
2026-10-01T18:01:18+01:00,3130,108,31,MAMM0N POUCZA SZELIGE JAK GRAĆ W CS'A...
